File Name,Path
OVISE_HUMAGNE_ASP1654.xlsx,/Volumes/GoogleDrive/Shared drives/GPP Cloud /Screening /Achilles/CRISPR/CRISPR screens/
U2904_HUMAGNE_ASP0750.xlsx,/Volumes/GoogleDrive/Shared drives/GPP Cloud /Screening /Achilles/CRISPR/CRISPR screens/
JMURTK2_HUMAGNE_ASP0748.xlsx,/Volumes/GoogleDrive/Shared drives/GPP Cloud /Screening /Achilles/CRISPR/CRISPR screens/
L363_HUMAGNE_ASP1769.xlsx,/Volumes/GoogleDrive/Shared drives/GPP Cloud /Screening /Achilles/CRISPR/CRISPR screens/
H357_HUMAGNE_ASP0728.xlsx,/Volumes/GoogleDrive/Shared drives/GPP Cloud /Screening /Achilles/CRISPR/CRISPR screens/
T47D_HUMAGNE_ASP1652.xlsx,/Volumes/GoogleDrive/Shared drives/GPP Cloud /Screening /Achilles/CRISPR/CRISPR screens/
TCCPAN2_HUMAGNE_ASP1770.xlsx,/Volumes/GoogleDrive/Shared drives/GPP Cloud /Screening /Achilles/CRISPR/CRISPR screens/
OCIC5X_HUMAGNE_ASP0744.xlsx,/Volumes/GoogleDrive/Shared drives/GPP Cloud /Screening /Achilles/CRISPR/CRISPR screens/
NCIH23_HUMAGNE_ASP1760.xlsx,/Volumes/GoogleDrive/Shared drives/GPP Cloud /Screening /Achilles/CRISPR/CRISPR screens/
SNU977_AVANA4_ASP1786.xlsx,/Volumes/GoogleDrive/Shared drives/GPP Cloud /Screening /Achilles/CRISPR/CRISPR screens/
NCIH460_PARALOGV2_ASP1922.xlsx,/Volumes/GoogleDrive/Shared drives/GPP Cloud /Screening /Achilles/CRISPR/CRISPR screens/
NCIH1703_PARALOGV2_ASP1921.xlsx,/Volumes/GoogleDrive/Shared drives/GPP Cloud /Screening /Achilles/CRISPR/CRISPR screens/
NCIH1650_PARALOGV2_ASP1920.xlsx,/Volumes/GoogleDrive/Shared drives/GPP Cloud /Screening /Achilles/CRISPR/CRISPR screens/
SNU769B_HUMAGNE_ASP1817.xlsx,/Volumes/GoogleDrive/Shared drives/GPP Cloud /Screening /Achilles/CRISPR/CRISPR screens/
MM576_HUMAGNE_ASP1818.xlsx,/Volumes/GoogleDrive/Shared drives/GPP Cloud /Screening /Achilles/CRISPR/CRISPR screens/
ICC16_HUMAGNE_ASP1958.xlsx,/Volumes/GoogleDrive/Shared drives/GPP Cloud /Screening /Achilles/CRISPR/CRISPR screens/
ATN1_HUMAGNE_ASP1821.xlsx,/Volumes/GoogleDrive/Shared drives/GPP Cloud /Screening /Achilles/CRISPR/CRISPR screens/
NCIH1688_HUMAGNE_ASP1820.xlsx,/Volumes/GoogleDrive/Shared drives/GPP Cloud /Screening /Achilles/CRISPR/CRISPR screens/
RERFLCAD2_HUMAGNE_ASP0758.xlsx,/Volumes/GoogleDrive/Shared drives/GPP Cloud /Screening /Achilles/CRISPR/CRISPR screens/
WCRC25_HUMAGNE_ASP1850.xlsx,/Volumes/GoogleDrive/Shared drives/GPP Cloud /Screening /Achilles/CRISPR/CRISPR screens/
NCIH740_HUMAGNE_ASP1852.xlsx,/Volumes/GoogleDrive/Shared drives/GPP Cloud /Screening /Achilles/CRISPR/CRISPR screens/
SNU1181_HUMAGNE_ASP1853.xlsx,/Volumes/GoogleDrive/Shared drives/GPP Cloud /Screening /Achilles/CRISPR/CRISPR screens/
NCIH498_HUMAGNE_ASP1851.xlsx,/Volumes/GoogleDrive/Shared drives/GPP Cloud /Screening /Achilles/CRISPR/CRISPR screens/
SNU333_AVANA4_ASP1845.xlsx,/Volumes/GoogleDrive/Shared drives/GPP Cloud /Screening /Achilles/CRISPR/CRISPR screens/
BROLI_HUMAGNE_ASP1822.xlsx,/Volumes/GoogleDrive/Shared drives/GPP Cloud /Screening /Achilles/CRISPR/CRISPR screens/
CMS_HUMAGNE_ASP1823.xlsx,/Volumes/GoogleDrive/Shared drives/GPP Cloud /Screening /Achilles/CRISPR/CRISPR screens/
JVE017_HUMAGNE_ASP1824.xlsx,/Volumes/GoogleDrive/Shared drives/GPP Cloud /Screening /Achilles/CRISPR/CRISPR screens/
JVE114_HUMAGNE_ASP1825.xlsx,/Volumes/GoogleDrive/Shared drives/GPP Cloud /Screening /Achilles/CRISPR/CRISPR screens/
MHHTALL2_HUMAGNE_ASP1826.xlsx,/Volumes/GoogleDrive/Shared drives/GPP Cloud /Screening /Achilles/CRISPR/CRISPR screens/
HTMM_HUMAGNE_ASP1834.xlsx,/Volumes/GoogleDrive/Shared drives/GPP Cloud /Screening /Achilles/CRISPR/CRISPR screens/
SNU333_HUMAGNE_ASP1845.xlsx,/Volumes/GoogleDrive/Shared drives/GPP Cloud /Screening /Achilles/CRISPR/CRISPR screens/
HCC827_PARALOGV2_ASP1856.xlsx,/Volumes/GoogleDrive/Shared drives/GPP Cloud /Screening /Achilles/CRISPR/CRISPR screens/
NCIH1666_PARALOGV2_ASP1857.xlsx,/Volumes/GoogleDrive/Shared drives/GPP Cloud /Screening /Achilles/CRISPR/CRISPR screens/
RERFLCAI_PARALOGV2_ASP1858.xlsx,/Volumes/GoogleDrive/Shared drives/GPP Cloud /Screening /Achilles/CRISPR/CRISPR screens/
JIMT1_PARALOGV2_ASP1860.xlsx,/Volumes/GoogleDrive/Shared drives/GPP Cloud /Screening /Achilles/CRISPR/CRISPR screens/
HCC1806_PARALOGV2_ASP1861.xlsx,/Volumes/GoogleDrive/Shared drives/GPP Cloud /Screening /Achilles/CRISPR/CRISPR screens/
MFM223_PARALOGV2_ASP1862.xlsx,/Volumes/GoogleDrive/Shared drives/GPP Cloud /Screening /Achilles/CRISPR/CRISPR screens/
MDAMB453_PARALOGV2_ASP1863.xlsx,/Volumes/GoogleDrive/Shared drives/GPP Cloud /Screening /Achilles/CRISPR/CRISPR screens/
SLR23_PARALOGV2_ASP1865.xlsx,/Volumes/GoogleDrive/Shared drives/GPP Cloud /Screening /Achilles/CRISPR/CRISPR screens/
KMRC20_PARALOGV2_ASP1974.xlsx,/Volumes/GoogleDrive/Shared drives/GPP Cloud /Screening /Achilles/CRISPR/CRISPR screens/
SKRC31_PARALOGV2_ASP1867.xlsx,/Volumes/GoogleDrive/Shared drives/GPP Cloud /Screening /Achilles/CRISPR/CRISPR screens/
HS769T_HUMAGNE_ASP1833.xlsx,/Volumes/GoogleDrive/Shared drives/GPP Cloud /Screening /Achilles/CRISPR/CRISPR screens/
MM100511_HUMAGNE_ASP1837.xlsx,/Volumes/GoogleDrive/Shared drives/GPP Cloud /Screening /Achilles/CRISPR/CRISPR screens/
UKE1_HUMAGNE_ASP1849.xlsx,/Volumes/GoogleDrive/Shared drives/GPP Cloud /Screening /Achilles/CRISPR/CRISPR screens/
SNU1460_HUMAGNE_ASP1279.xlsx,/Volumes/GoogleDrive/Shared drives/GPP Cloud /Screening /Achilles/CRISPR/CRISPR screens/
NCIH1975_PARALOGV2_ASP1855.xlsx,/Volumes/GoogleDrive/Shared drives/GPP Cloud /Screening /Achilles/CRISPR/CRISPR screens/
HCC2935_PARALOGV2_ASP1859.xlsx,/Volumes/GoogleDrive/Shared drives/GPP Cloud /Screening /Achilles/CRISPR/CRISPR screens/
HCC1428_PARALOGV2_ASP1889.xlsx,/Volumes/GoogleDrive/Shared drives/GPP Cloud /Screening /Achilles/CRISPR/CRISPR screens/
MDAMB415_PARALOGV2_ASP1890.xlsx,/Volumes/GoogleDrive/Shared drives/GPP Cloud /Screening /Achilles/CRISPR/CRISPR screens/
HKGZCC_PARALOGV2_ASP1885.xlsx,/Volumes/GoogleDrive/Shared drives/GPP Cloud /Screening /Achilles/CRISPR/CRISPR screens/
C2BBE1_PARALOGV2_ASP1914.xlsx,/Volumes/GoogleDrive/Shared drives/GPP Cloud /Screening /Achilles/CRISPR/CRISPR screens/
NCIH716_PARALOGV2_ASP1916.xlsx,/Volumes/GoogleDrive/Shared drives/GPP Cloud /Screening /Achilles/CRISPR/CRISPR screens/
OC316_PARALOGV2_ASP1891.xlsx,/Volumes/GoogleDrive/Shared drives/GPP Cloud /Screening /Achilles/CRISPR/CRISPR screens/
SW620_PARALOGV2_ASP1915.xlsx,/Volumes/GoogleDrive/Shared drives/GPP Cloud /Screening /Achilles/CRISPR/CRISPR screens/
UWB1289_PARALOGV2_ASP1892.xlsx,/Volumes/GoogleDrive/Shared drives/GPP Cloud /Screening /Achilles/CRISPR/CRISPR screens/
CCLFRCRF1012T_HUMAGNE_ASP1345.xlsx,/Volumes/GoogleDrive/Shared drives/GPP Cloud /Screening /Achilles/CRISPR/CRISPR screens/
ICC108_PARALOGV2_ASP1888.xlsx,/Volumes/GoogleDrive/Shared drives/GPP Cloud /Screening /Achilles/CRISPR/CRISPR screens/
VMRCMELG_HUMAGNE_ASP1277.xlsx,/Volumes/GoogleDrive/Shared drives/GPP Cloud /Screening /Achilles/CRISPR/CRISPR screens/
C84_PARALOGV2_ASP1918.xlsx,/Volumes/GoogleDrive/Shared drives/GPP Cloud /Screening /Achilles/CRISPR/CRISPR screens/
TFK1_PARALOGV2_ASP1886.xlsx,/Volumes/GoogleDrive/Shared drives/GPP Cloud /Screening /Achilles/CRISPR/CRISPR screens/
MCAS_PARALOGV2_ASP1899.xlsx,/Volumes/GoogleDrive/Shared drives/GPP Cloud /Screening /Achilles/CRISPR/CRISPR screens/
CCLFNEURO0015T_HUMAGNE_ASP1607.xlsx,/Volumes/GoogleDrive/Shared drives/GPP Cloud /Screening /Achilles/CRISPR/CRISPR screens/
CCLFNEURO0009T_HUMAGNE_ASP1371.xlsx,/Volumes/GoogleDrive/Shared drives/GPP Cloud /Screening /Achilles/CRISPR/CRISPR screens/
CCLFNEURO0007T_HUMAGNE_ASP1631.xlsx,/Volumes/GoogleDrive/Shared drives/GPP Cloud /Screening /Achilles/CRISPR/CRISPR screens/
TGBC18TKB_PARALOGV2_ASP1917.xlsx,/Volumes/GoogleDrive/Shared drives/GPP Cloud /Screening /Achilles/CRISPR/CRISPR screens/
5637_PARALOGV2_ASP1906.xlsx,/Volumes/GoogleDrive/Shared drives/GPP Cloud /Screening /Achilles/CRISPR/CRISPR screens/
253J_PARALOGV2_ASP1908.xlsx,/Volumes/GoogleDrive/Shared drives/GPP Cloud /Screening /Achilles/CRISPR/CRISPR screens/
BC3C_PARALOGV2_ASP1905.xlsx,/Volumes/GoogleDrive/Shared drives/GPP Cloud /Screening /Achilles/CRISPR/CRISPR screens/
COV644_PARALOGV2_ASP1904.xlsx,/Volumes/GoogleDrive/Shared drives/GPP Cloud /Screening /Achilles/CRISPR/CRISPR screens/
ES2_PARALOGV2_ASP1896.xlsx,/Volumes/GoogleDrive/Shared drives/GPP Cloud /Screening /Achilles/CRISPR/CRISPR screens/
MDAMB361_HUMAGNE_ASP1925.xlsx,/Volumes/GoogleDrive/Shared drives/GPP Cloud /Screening /Achilles/CRISPR/CRISPR screens/
HEMCSS_HUMAGNE_ASP1926.xlsx,/Volumes/GoogleDrive/Shared drives/GPP Cloud /Screening /Achilles/CRISPR/CRISPR screens/
MP41_HUMAGNE_ASP1927.xlsx,/Volumes/GoogleDrive/Shared drives/GPP Cloud /Screening /Achilles/CRISPR/CRISPR screens/
UCH7_HUMAGNE_ASP1928.xlsx,/Volumes/GoogleDrive/Shared drives/GPP Cloud /Screening /Achilles/CRISPR/CRISPR screens/
OUMS27_HUMAGNE_ASP1929.xlsx,/Volumes/GoogleDrive/Shared drives/GPP Cloud /Screening /Achilles/CRISPR/CRISPR screens/
KMLS1_HUMAGNE_ASP1930.xlsx,/Volumes/GoogleDrive/Shared drives/GPP Cloud /Screening /Achilles/CRISPR/CRISPR screens/
TERA2_HUMAGNE_ASP1931.xlsx,/Volumes/GoogleDrive/Shared drives/GPP Cloud /Screening /Achilles/CRISPR/CRISPR screens/
SW13_HUMAGNE_ASP1932.xlsx,/Volumes/GoogleDrive/Shared drives/GPP Cloud /Screening /Achilles/CRISPR/CRISPR screens/
GCT27_HUMAGNE_ASP1933.xlsx,/Volumes/GoogleDrive/Shared drives/GPP Cloud /Screening /Achilles/CRISPR/CRISPR screens/
PC3_HUMAGNE_ASP1934.xlsx,/Volumes/GoogleDrive/Shared drives/GPP Cloud /Screening /Achilles/CRISPR/CRISPR screens/
JVE207_HUMAGNE_ASP1278.xlsx,/Volumes/GoogleDrive/Shared drives/GPP Cloud /Screening /Achilles/CRISPR/CRISPR screens/
CCSW1_PARALOGV2_ASP1912.xlsx,/Volumes/GoogleDrive/Shared drives/GPP Cloud /Screening /Achilles/CRISPR/CRISPR screens/
CAHPV10_HUMAGNE_ASP1868.xlsx,/Volumes/GoogleDrive/Shared drives/GPP Cloud /Screening /Achilles/CRISPR/CRISPR screens/
CORL26_HUMAGNE_ASP1962.xlsx,/Volumes/GoogleDrive/Shared drives/GPP Cloud /Screening /Achilles/CRISPR/CRISPR screens/
ICC15_PARALOGV2_ASP1910.xlsx,/Volumes/GoogleDrive/Shared drives/GPP Cloud /Screening /Achilles/CRISPR/CRISPR screens/
ICC106_PARALOGV2_ASP1913.xlsx,/Volumes/GoogleDrive/Shared drives/GPP Cloud /Screening /Achilles/CRISPR/CRISPR screens/
LASCPC01_HUMAGNE_ASP1870.xlsx,/Volumes/GoogleDrive/Shared drives/GPP Cloud /Screening /Achilles/CRISPR/CRISPR screens/
DMS114_HUMAGNE_ASP1959.xlsx,/Volumes/GoogleDrive/Shared drives/GPP Cloud /Screening /Achilles/CRISPR/CRISPR screens/
NCIH1876_HUMAGNE_ASP1960.xlsx,/Volumes/GoogleDrive/Shared drives/GPP Cloud /Screening /Achilles/CRISPR/CRISPR screens/
DMS273_HUMAGNE_ASP1961.xlsx,/Volumes/GoogleDrive/Shared drives/GPP Cloud /Screening /Achilles/CRISPR/CRISPR screens/
GB2_PARALOGV2_ASP1911.xlsx,/Volumes/GoogleDrive/Shared drives/GPP Cloud /Screening /Achilles/CRISPR/CRISPR screens/
CCLFPEDS0001T_PARALOGV2_ASP1946.xlsx,/Volumes/GoogleDrive/Shared drives/GPP Cloud /Screening /Achilles/CRISPR/CRISPR screens/
UMUC10_PARALOGV2_ASP1907.xlsx,/Volumes/GoogleDrive/Shared drives/GPP Cloud /Screening /Achilles/CRISPR/CRISPR screens/
UMUC3_PARALOGV2_ASP1909.xlsx,/Volumes/GoogleDrive/Shared drives/GPP Cloud /Screening /Achilles/CRISPR/CRISPR screens/
ICC8_PARALOGV2_ASP1884.xlsx,/Volumes/GoogleDrive/Shared drives/GPP Cloud /Screening /Achilles/CRISPR/CRISPR screens/
ICC9_PARALOGV2_ASP1887.xlsx,/Volumes/GoogleDrive/Shared drives/GPP Cloud /Screening /Achilles/CRISPR/CRISPR screens/
647V_PARALOGV2_ASP1940.xlsx,/Volumes/GoogleDrive/Shared drives/GPP Cloud /Screening /Achilles/CRISPR/CRISPR screens/
HT29_PARALOGV2_ASP1943.xlsx,/Volumes/GoogleDrive/Shared drives/GPP Cloud /Screening /Achilles/CRISPR/CRISPR screens/
CCLFPEDS1041T_HUMAGNE_ASP1829.xlsx,/Volumes/GoogleDrive/Shared drives/GPP Cloud /Screening /Achilles/CRISPR/CRISPR screens/
CCLFPEDS1046T_HUMAGNE_ASP1830.xlsx,/Volumes/GoogleDrive/Shared drives/GPP Cloud /Screening /Achilles/CRISPR/CRISPR screens/
WSUAML_HUMAGNE_ASP1955.xlsx,/Volumes/GoogleDrive/Shared drives/GPP Cloud /Screening /Achilles/CRISPR/CRISPR screens/
PWR1E_HUMAGNE_ASP1843.xlsx,/Volumes/GoogleDrive/Shared drives/GPP Cloud /Screening /Achilles/CRISPR/CRISPR screens/
SALMAT_HUMAGNE_ASP1873.xlsx,/Volumes/GoogleDrive/Shared drives/GPP Cloud /Screening /Achilles/CRISPR/CRISPR screens/
SNF022_HUMAGNE_ASP1872.xlsx,/Volumes/GoogleDrive/Shared drives/GPP Cloud /Screening /Achilles/CRISPR/CRISPR screens/
NCIH295R_HUMAGNE_ASP1840.xlsx,/Volumes/GoogleDrive/Shared drives/GPP Cloud /Screening /Achilles/CRISPR/CRISPR screens/
IOWA1T_HUMAGNE_ASP1835.xlsx,/Volumes/GoogleDrive/Shared drives/GPP Cloud /Screening /Achilles/CRISPR/CRISPR screens/
TE130T_HUMAGNE_ASP1875.xlsx,/Volumes/GoogleDrive/Shared drives/GPP Cloud /Screening /Achilles/CRISPR/CRISPR screens/
NCIH774_HUMAGNE_ASP1871.xlsx,/Volumes/GoogleDrive/Shared drives/GPP Cloud /Screening /Achilles/CRISPR/CRISPR screens/
UMRC3_PARALOGV2_ASP1935.xlsx,/Volumes/GoogleDrive/Shared drives/GPP Cloud /Screening /Achilles/CRISPR/CRISPR screens/
NCIH2679_HUMAGNE_ASP1957.xlsx,/Volumes/GoogleDrive/Shared drives/GPP Cloud /Screening /Achilles/CRISPR/CRISPR screens/
NCIH1607_HUMAGNE_ASP1956.xlsx,/Volumes/GoogleDrive/Shared drives/GPP Cloud /Screening /Achilles/CRISPR/CRISPR screens/
CCLFNEURO0013T_HUMAGNE_ASP1948.xlsx,/Volumes/GoogleDrive/Shared drives/GPP Cloud /Screening /Achilles/CRISPR/CRISPR screens/
CCLFNEURO0027T_HUMAGNE_ASP1950.xlsx,/Volumes/GoogleDrive/Shared drives/GPP Cloud /Screening /Achilles/CRISPR/CRISPR screens/
CCLFNEURO0034T_HUMAGNE_ASP1951.xlsx,/Volumes/GoogleDrive/Shared drives/GPP Cloud /Screening /Achilles/CRISPR/CRISPR screens/
SLR26_PARALOGV2_ASP1936.xlsx,/Volumes/GoogleDrive/Shared drives/GPP Cloud /Screening /Achilles/CRISPR/CRISPR screens/
NCIH2172_PARALOGV2_ASP1964.xlsx,/Volumes/GoogleDrive/Shared drives/GPP Cloud /Screening /Achilles/CRISPR/CRISPR screens/
MDAPCA2B_HUMAGNE_ASP1983.xlsx,/Volumes/GoogleDrive/Shared drives/GPP Cloud /Screening /Achilles/CRISPR/CRISPR screens/
NCIH660_HUMAGNE_ASP1984.xlsx,/Volumes/GoogleDrive/Shared drives/GPP Cloud /Screening /Achilles/CRISPR/CRISPR screens/
RERFLCKJ_HUMAGNE_ASP1979.xlsx,/Volumes/GoogleDrive/Shared drives/GPP Cloud /Screening /Achilles/CRISPR/CRISPR screens/
HOP92_HUMAGNE_ASP1982.xlsx,/Volumes/GoogleDrive/Shared drives/GPP Cloud /Screening /Achilles/CRISPR/CRISPR screens/
HCC4006_HUMAGNE_ASP1977.xlsx,/Volumes/GoogleDrive/Shared drives/GPP Cloud /Screening /Achilles/CRISPR/CRISPR screens/
NCIH2085_HUMAGNE_ASP1978.xlsx,/Volumes/GoogleDrive/Shared drives/GPP Cloud /Screening /Achilles/CRISPR/CRISPR screens/
SKRC20_PARALOGV2_ASP1937.xlsx,/Volumes/GoogleDrive/Shared drives/GPP Cloud /Screening /Achilles/CRISPR/CRISPR screens/
NCIH1915_PARALOGV2_ASP1966.xlsx,/Volumes/GoogleDrive/Shared drives/GPP Cloud /Screening /Achilles/CRISPR/CRISPR screens/
NCIH1373_PARALOGV2_ASP1965.xlsx,/Volumes/GoogleDrive/Shared drives/GPP Cloud /Screening /Achilles/CRISPR/CRISPR screens/
UMHACC2A_HUMAGNE_ASP1985.xlsx,/Volumes/GoogleDrive/Shared drives/GPP Cloud /Screening /Achilles/CRISPR/CRISPR screens/
LMMEL57_HUMAGNE_ASP1874.xlsx,/Volumes/GoogleDrive/Shared drives/GPP Cloud /Screening /Achilles/CRISPR/CRISPR screens/
CORL32_HUMAGNE_ASP1980.xlsx,/Volumes/GoogleDrive/Shared drives/GPP Cloud /Screening /Achilles/CRISPR/CRISPR screens/
TY82_HUMAGNE_ASP1986.xlsx,/Volumes/GoogleDrive/Shared drives/GPP Cloud /Screening /Achilles/CRISPR/CRISPR screens/
SLR24_PARALOGV2_ASP1967.xlsx,/Volumes/GoogleDrive/Shared drives/GPP Cloud /Screening /Achilles/CRISPR/CRISPR screens/
CHLA05ATRT_HUMAGNE_ASP1883.xlsx,/Volumes/GoogleDrive/Shared drives/GPP Cloud /Screening /Achilles/CRISPR/CRISPR screens/
NCIH838_PARALOGV2_ASP1968.xlsx,/Volumes/GoogleDrive/Shared drives/GPP Cloud /Screening /Achilles/CRISPR/CRISPR screens/
CHLA01MED_HUMAGNE_ASP1881.xlsx,/Volumes/GoogleDrive/Shared drives/GPP Cloud /Screening /Achilles/CRISPR/CRISPR screens/
CCLFNEURO0026T_HUMAGNE_ASP1952.xlsx,/Volumes/GoogleDrive/Shared drives/GPP Cloud /Screening /Achilles/CRISPR/CRISPR screens/
NCIH748_HUMAGNE_ASP1882.xlsx,/Volumes/GoogleDrive/Shared drives/GPP Cloud /Screening /Achilles/CRISPR/CRISPR screens/
1156QE8_HUMAGNE_ASP1987.xlsx,/Volumes/GoogleDrive/Shared drives/GPP Cloud /Screening /Achilles/CRISPR/CRISPR screens/
UACC462_HUMAGNE_ASP1989.xlsx,/Volumes/GoogleDrive/Shared drives/GPP Cloud /Screening /Achilles/CRISPR/CRISPR screens/
CCLFNEURO0035T_HUMAGNE_ASP1953.xlsx,/Volumes/GoogleDrive/Shared drives/GPP Cloud /Screening /Achilles/CRISPR/CRISPR screens/
VMRCRCW_PARALOGV2_ASP1970.xlsx,/Volumes/GoogleDrive/Shared drives/GPP Cloud /Screening /Achilles/CRISPR/CRISPR screens/
ONCODG1_PARALOGV2_ASP1975.xlsx,/Volumes/GoogleDrive/Shared drives/GPP Cloud /Screening /Achilles/CRISPR/CRISPR screens/
HCC461_PARALOGV2_ASP1973.xlsx,/Volumes/GoogleDrive/Shared drives/GPP Cloud /Screening /Achilles/CRISPR/CRISPR screens/
COLO201_PARALOGV2_ASP1945.xlsx,/Volumes/GoogleDrive/Shared drives/GPP Cloud /Screening /Achilles/CRISPR/CRISPR screens/
NCIH747_PARALOGV2_ASP1944.xlsx,/Volumes/GoogleDrive/Shared drives/GPP Cloud /Screening /Achilles/CRISPR/CRISPR screens/
KMRC2_PARALOGV2_ASP1866.xlsx,/Volumes/GoogleDrive/Shared drives/GPP Cloud /Screening /Achilles/CRISPR/CRISPR screens/
UBLC1_PARALOGV2_ASP1938.xlsx,/Volumes/GoogleDrive/Shared drives/GPP Cloud /Screening /Achilles/CRISPR/CRISPR screens/
TELOHAEC_HUMAGNE_ASP1924.xlsx,/Volumes/GoogleDrive/Shared drives/GPP Cloud /Screening /Achilles/CRISPR/CRISPR screens/
CHLA01RMED_HUMAGNE_ASP1878.xlsx,/Volumes/GoogleDrive/Shared drives/GPP Cloud /Screening /Achilles/CRISPR/CRISPR screens/
NCCIT_HUMAGNE_ASP1992.xlsx,/Volumes/GoogleDrive/Shared drives/GPP Cloud /Screening /Achilles/CRISPR/CRISPR screens/
NCIH2444_HUMAGNE_ASP1981.xlsx,/Volumes/GoogleDrive/Shared drives/GPP Cloud /Screening /Achilles/CRISPR/CRISPR screens/
NCIH2009_PARALOGV2_ASP1972.xlsx,/Volumes/GoogleDrive/Shared drives/GPP Cloud /Screening /Achilles/CRISPR/CRISPR screens/
KMRC3_PARALOGV2_ASP1971.xlsx,/Volumes/GoogleDrive/Shared drives/GPP Cloud /Screening /Achilles/CRISPR/CRISPR screens/
LXF289_ParalogV2_ASP1969.xlsx,/Volumes/GoogleDrive/Shared drives/GPP Cloud /Screening /Achilles/CRISPR/CRISPR screens/
NCIH1882_HUMAGNE_ASP1947.xlsx,/Volumes/GoogleDrive/Shared drives/GPP Cloud /Screening /Achilles/CRISPR/CRISPR screens/
EAHY926_HUMAGNE_ASP1923.xlsx,/Volumes/GoogleDrive/Shared drives/GPP Cloud /Screening /Achilles/CRISPR/CRISPR screens/
SNU228_HUMAGNE_ASP1990.xlsx,/Volumes/GoogleDrive/Shared drives/GPP Cloud /Screening /Achilles/CRISPR/CRISPR screens/
EB3_HUMAGNE_ASP1991.xlsx,/Volumes/GoogleDrive/Shared drives/GPP Cloud /Screening /Achilles/CRISPR/CRISPR screens/
NCIH716COPY_PARALOGV2_ASP1916.xlsx,/Volumes/GoogleDrive/Shared drives/GPP Cloud /Screening /Achilles/CRISPR/CRISPR screens/
HTMMT_PARALOGV2_ASP2008.xlsx,/Volumes/GoogleDrive/Shared drives/GPP Cloud /Screening /Achilles/CRISPR/CRISPR screens/
ESO26_PARALOGV2_ASP2011.xlsx,/Volumes/GoogleDrive/Shared drives/GPP Cloud /Screening /Achilles/CRISPR/CRISPR screens/
LU65_PARALOGV2_ASP1963.xlsx,/Volumes/GoogleDrive/Shared drives/GPP Cloud /Screening /Achilles/CRISPR/CRISPR screens/
UMUC5_PARALOGV2_ASP1939.xlsx,/Volumes/GoogleDrive/Shared drives/GPP Cloud /Screening /Achilles/CRISPR/CRISPR screens/
RL952_PARALOGV2_ASP2010.xlsx,/Volumes/GoogleDrive/Shared drives/GPP Cloud /Screening /Achilles/CRISPR/CRISPR screens/
GCT_PARALOGV2_ASP2021.xlsx,/Volumes/GoogleDrive/Shared drives/GPP Cloud /Screening /Achilles/CRISPR/CRISPR screens/
RKN_PARALOGV2_ASP2022.xlsx,/Volumes/GoogleDrive/Shared drives/GPP Cloud /Screening /Achilles/CRISPR/CRISPR screens/
OVCAR8_HUMAGNE_ASP1658.xlsx,/Volumes/GoogleDrive/Shared drives/GPP Cloud /Screening /Achilles/CRISPR/CRISPR screens/Screens completed passaging/
MOLM13_HUMAGNE_ASP1655.xlsx,/Volumes/GoogleDrive/Shared drives/GPP Cloud /Screening /Achilles/CRISPR/CRISPR screens/Screens completed passaging/
MOLM13SCC2_HUMAGNE_ASP1656.xlsx,/Volumes/GoogleDrive/Shared drives/GPP Cloud /Screening /Achilles/CRISPR/CRISPR screens/Screens completed passaging/
K029AX_HUMAGNE_ASP1653.xlsx,/Volumes/GoogleDrive/Shared drives/GPP Cloud /Screening /Achilles/CRISPR/CRISPR screens/Screens completed passaging/
NB1_HUMAGNE_ASP1759.xlsx,/Volumes/GoogleDrive/Shared drives/GPP Cloud /Screening /Achilles/CRISPR/CRISPR screens/Screens completed passaging/
SKES1_HUMAGNE_ASP1768.xlsx,/Volumes/GoogleDrive/Shared drives/GPP Cloud /Screening /Achilles/CRISPR/CRISPR screens/Screens completed passaging/
KARPAS299_HUMAGNE_ASP1758.xlsx,/Volumes/GoogleDrive/Shared drives/GPP Cloud /Screening /Achilles/CRISPR/CRISPR screens/Screens completed passaging/
OCUG1_HUMAGNE_ASP0742.xlsx,/Volumes/GoogleDrive/Shared drives/GPP Cloud /Screening /Achilles/CRISPR/CRISPR screens/Screens completed passaging/
D458_HUMAGNE_ASP0738.xlsx,/Volumes/GoogleDrive/Shared drives/GPP Cloud /Screening /Achilles/CRISPR/CRISPR screens/Screens completed passaging/
NOMO1_HUMAGNE_ASP1657.xlsx,/Volumes/GoogleDrive/Shared drives/GPP Cloud /Screening /Achilles/CRISPR/CRISPR screens/Screens completed passaging/
DEL_HUMAGNE_ASP1766.xlsx,/Volumes/GoogleDrive/Shared drives/GPP Cloud /Screening /Achilles/CRISPR/CRISPR screens/Screens completed passaging/
MC116_HUMAGNE_ASP1763.xlsx,/Volumes/GoogleDrive/Shared drives/GPP Cloud /Screening /Achilles/CRISPR/CRISPR screens/Screens completed passaging/
SSP25_HUMAGNE_ASP1762.xlsx,/Volumes/GoogleDrive/Shared drives/GPP Cloud /Screening /Achilles/CRISPR/CRISPR screens/Screens completed passaging/
CH157MN_HUMAGNE_ASP1761.xlsx,/Volumes/GoogleDrive/Shared drives/GPP Cloud /Screening /Achilles/CRISPR/CRISPR screens/Screens completed passaging/
KU812_HUMAGNE_ASP0756.xlsx,/Volumes/GoogleDrive/Shared drives/GPP Cloud /Screening /Achilles/CRISPR/CRISPR screens/Screens completed passaging/
ZR751_HUMAGNE_ASP0760.xlsx,/Volumes/GoogleDrive/Shared drives/GPP Cloud /Screening /Achilles/CRISPR/CRISPR screens/Screens completed passaging/
NCIH841_HUMAGNE_ASP1767.xlsx,/Volumes/GoogleDrive/Shared drives/GPP Cloud /Screening /Achilles/CRISPR/CRISPR screens/Screens completed passaging/
HS683_HUMAGNE_ASP0740.xlsx,/Volumes/GoogleDrive/Shared drives/GPP Cloud /Screening /Achilles/CRISPR/CRISPR screens/Screens completed passaging/
KMS18_HUMAGNE_ASP1756.xlsx,/Volumes/GoogleDrive/Shared drives/GPP Cloud /Screening /Achilles/CRISPR/CRISPR screens/Screens completed passaging/
CHLA06ATRT_HUMAGNE_ASP1757.xlsx,/Volumes/GoogleDrive/Shared drives/GPP Cloud /Screening /Achilles/CRISPR/CRISPR screens/Screens completed passaging/
PATU8988S_HUMAGNE_ASP1764.xlsx,/Volumes/GoogleDrive/Shared drives/GPP Cloud /Screening /Achilles/CRISPR/CRISPR screens/Screens completed passaging/