,File Name,Path
198,OVISE_HUMAGNE_ASP1654.xlsx,/Volumes/GoogleDrive/Shared drives/GPP Cloud /Screening /Achilles/CRISPR/CRISPR screens/
200,U2904_HUMAGNE_ASP0750.xlsx,/Volumes/GoogleDrive/Shared drives/GPP Cloud /Screening /Achilles/CRISPR/CRISPR screens/
207,JMURTK2_HUMAGNE_ASP0748.xlsx,/Volumes/GoogleDrive/Shared drives/GPP Cloud /Screening /Achilles/CRISPR/CRISPR screens/
215,L363_HUMAGNE_ASP1769.xlsx,/Volumes/GoogleDrive/Shared drives/GPP Cloud /Screening /Achilles/CRISPR/CRISPR screens/
219,H357_HUMAGNE_ASP0728.xlsx,/Volumes/GoogleDrive/Shared drives/GPP Cloud /Screening /Achilles/CRISPR/CRISPR screens/
220,T47D_HUMAGNE_ASP1652.xlsx,/Volumes/GoogleDrive/Shared drives/GPP Cloud /Screening /Achilles/CRISPR/CRISPR screens/
224,TCCPAN2_HUMAGNE_ASP1770.xlsx,/Volumes/GoogleDrive/Shared drives/GPP Cloud /Screening /Achilles/CRISPR/CRISPR screens/
229,OCIC5X_HUMAGNE_ASP0744.xlsx,/Volumes/GoogleDrive/Shared drives/GPP Cloud /Screening /Achilles/CRISPR/CRISPR screens/
230,NCIH23_HUMAGNE_ASP1760.xlsx,/Volumes/GoogleDrive/Shared drives/GPP Cloud /Screening /Achilles/CRISPR/CRISPR screens/
306,SNU977_AVANA4_ASP1786.xlsx,/Volumes/GoogleDrive/Shared drives/GPP Cloud /Screening /Achilles/CRISPR/CRISPR screens/
338,NCIH460_PARALOGV2_ASP1922.xlsx,/Volumes/GoogleDrive/Shared drives/GPP Cloud /Screening /Achilles/CRISPR/CRISPR screens/
339,NCIH1703_PARALOGV2_ASP1921.xlsx,/Volumes/GoogleDrive/Shared drives/GPP Cloud /Screening /Achilles/CRISPR/CRISPR screens/
340,NCIH1650_PARALOGV2_ASP1920.xlsx,/Volumes/GoogleDrive/Shared drives/GPP Cloud /Screening /Achilles/CRISPR/CRISPR screens/
351,SNU769B_HUMAGNE_ASP1817.xlsx,/Volumes/GoogleDrive/Shared drives/GPP Cloud /Screening /Achilles/CRISPR/CRISPR screens/
352,MM576_HUMAGNE_ASP1818.xlsx,/Volumes/GoogleDrive/Shared drives/GPP Cloud /Screening /Achilles/CRISPR/CRISPR screens/
353,ICC16_HUMAGNE_ASP1958.xlsx,/Volumes/GoogleDrive/Shared drives/GPP Cloud /Screening /Achilles/CRISPR/CRISPR screens/
354,ATN1_HUMAGNE_ASP1821.xlsx,/Volumes/GoogleDrive/Shared drives/GPP Cloud /Screening /Achilles/CRISPR/CRISPR screens/
356,NCIH1688_HUMAGNE_ASP1820.xlsx,/Volumes/GoogleDrive/Shared drives/GPP Cloud /Screening /Achilles/CRISPR/CRISPR screens/
361,RERFLCAD2_HUMAGNE_ASP0758.xlsx,/Volumes/GoogleDrive/Shared drives/GPP Cloud /Screening /Achilles/CRISPR/CRISPR screens/
369,WCRC25_HUMAGNE_ASP1850.xlsx,/Volumes/GoogleDrive/Shared drives/GPP Cloud /Screening /Achilles/CRISPR/CRISPR screens/
370,NCIH740_HUMAGNE_ASP1852.xlsx,/Volumes/GoogleDrive/Shared drives/GPP Cloud /Screening /Achilles/CRISPR/CRISPR screens/
371,SNU1181_HUMAGNE_ASP1853.xlsx,/Volumes/GoogleDrive/Shared drives/GPP Cloud /Screening /Achilles/CRISPR/CRISPR screens/
372,NCIH498_HUMAGNE_ASP1851.xlsx,/Volumes/GoogleDrive/Shared drives/GPP Cloud /Screening /Achilles/CRISPR/CRISPR screens/
375,SNU333_AVANA4_ASP1845.xlsx,/Volumes/GoogleDrive/Shared drives/GPP Cloud /Screening /Achilles/CRISPR/CRISPR screens/
383,BROLI_HUMAGNE_ASP1822.xlsx,/Volumes/GoogleDrive/Shared drives/GPP Cloud /Screening /Achilles/CRISPR/CRISPR screens/
384,CMS_HUMAGNE_ASP1823.xlsx,/Volumes/GoogleDrive/Shared drives/GPP Cloud /Screening /Achilles/CRISPR/CRISPR screens/
385,JVE017_HUMAGNE_ASP1824.xlsx,/Volumes/GoogleDrive/Shared drives/GPP Cloud /Screening /Achilles/CRISPR/CRISPR screens/
386,JVE114_HUMAGNE_ASP1825.xlsx,/Volumes/GoogleDrive/Shared drives/GPP Cloud /Screening /Achilles/CRISPR/CRISPR screens/
387,MHHTALL2_HUMAGNE_ASP1826.xlsx,/Volumes/GoogleDrive/Shared drives/GPP Cloud /Screening /Achilles/CRISPR/CRISPR screens/
388,HTMM_HUMAGNE_ASP1834.xlsx,/Volumes/GoogleDrive/Shared drives/GPP Cloud /Screening /Achilles/CRISPR/CRISPR screens/
389,SNU333_HUMAGNE_ASP1845.xlsx,/Volumes/GoogleDrive/Shared drives/GPP Cloud /Screening /Achilles/CRISPR/CRISPR screens/
390,HCC827_PARALOGV2_ASP1856.xlsx,/Volumes/GoogleDrive/Shared drives/GPP Cloud /Screening /Achilles/CRISPR/CRISPR screens/
391,NCIH1666_PARALOGV2_ASP1857.xlsx,/Volumes/GoogleDrive/Shared drives/GPP Cloud /Screening /Achilles/CRISPR/CRISPR screens/
392,RERFLCAI_PARALOGV2_ASP1858.xlsx,/Volumes/GoogleDrive/Shared drives/GPP Cloud /Screening /Achilles/CRISPR/CRISPR screens/
393,JIMT1_PARALOGV2_ASP1860.xlsx,/Volumes/GoogleDrive/Shared drives/GPP Cloud /Screening /Achilles/CRISPR/CRISPR screens/
394,HCC1806_PARALOGV2_ASP1861.xlsx,/Volumes/GoogleDrive/Shared drives/GPP Cloud /Screening /Achilles/CRISPR/CRISPR screens/
395,MFM223_PARALOGV2_ASP1862.xlsx,/Volumes/GoogleDrive/Shared drives/GPP Cloud /Screening /Achilles/CRISPR/CRISPR screens/
396,MDAMB453_PARALOGV2_ASP1863.xlsx,/Volumes/GoogleDrive/Shared drives/GPP Cloud /Screening /Achilles/CRISPR/CRISPR screens/
397,SLR23_PARALOGV2_ASP1865.xlsx,/Volumes/GoogleDrive/Shared drives/GPP Cloud /Screening /Achilles/CRISPR/CRISPR screens/
398,KMRC20_PARALOGV2_ASP1974.xlsx,/Volumes/GoogleDrive/Shared drives/GPP Cloud /Screening /Achilles/CRISPR/CRISPR screens/
399,SKRC31_PARALOGV2_ASP1867.xlsx,/Volumes/GoogleDrive/Shared drives/GPP Cloud /Screening /Achilles/CRISPR/CRISPR screens/
400,HS769T_HUMAGNE_ASP1833.xlsx,/Volumes/GoogleDrive/Shared drives/GPP Cloud /Screening /Achilles/CRISPR/CRISPR screens/
401,MM100511_HUMAGNE_ASP1837.xlsx,/Volumes/GoogleDrive/Shared drives/GPP Cloud /Screening /Achilles/CRISPR/CRISPR screens/
402,UKE1_HUMAGNE_ASP1849.xlsx,/Volumes/GoogleDrive/Shared drives/GPP Cloud /Screening /Achilles/CRISPR/CRISPR screens/
409,SNU1460_HUMAGNE_ASP1279.xlsx,/Volumes/GoogleDrive/Shared drives/GPP Cloud /Screening /Achilles/CRISPR/CRISPR screens/
410,NCIH1975_PARALOGV2_ASP1855.xlsx,/Volumes/GoogleDrive/Shared drives/GPP Cloud /Screening /Achilles/CRISPR/CRISPR screens/
411,HCC2935_PARALOGV2_ASP1859.xlsx,/Volumes/GoogleDrive/Shared drives/GPP Cloud /Screening /Achilles/CRISPR/CRISPR screens/
412,HCC1428_PARALOGV2_ASP1889.xlsx,/Volumes/GoogleDrive/Shared drives/GPP Cloud /Screening /Achilles/CRISPR/CRISPR screens/
413,MDAMB415_PARALOGV2_ASP1890.xlsx,/Volumes/GoogleDrive/Shared drives/GPP Cloud /Screening /Achilles/CRISPR/CRISPR screens/
414,HKGZCC_PARALOGV2_ASP1885.xlsx,/Volumes/GoogleDrive/Shared drives/GPP Cloud /Screening /Achilles/CRISPR/CRISPR screens/
415,C2BBE1_PARALOGV2_ASP1914.xlsx,/Volumes/GoogleDrive/Shared drives/GPP Cloud /Screening /Achilles/CRISPR/CRISPR screens/
416,NCIH716_PARALOGV2_ASP1916.xlsx,/Volumes/GoogleDrive/Shared drives/GPP Cloud /Screening /Achilles/CRISPR/CRISPR screens/
417,OC316_PARALOGV2_ASP1891.xlsx,/Volumes/GoogleDrive/Shared drives/GPP Cloud /Screening /Achilles/CRISPR/CRISPR screens/
418,SW620_PARALOGV2_ASP1915.xlsx,/Volumes/GoogleDrive/Shared drives/GPP Cloud /Screening /Achilles/CRISPR/CRISPR screens/
419,UWB1289_PARALOGV2_ASP1892.xlsx,/Volumes/GoogleDrive/Shared drives/GPP Cloud /Screening /Achilles/CRISPR/CRISPR screens/
420,CCLFRCRF1012T_HUMAGNE_ASP1345.xlsx,/Volumes/GoogleDrive/Shared drives/GPP Cloud /Screening /Achilles/CRISPR/CRISPR screens/
421,ICC108_PARALOGV2_ASP1888.xlsx,/Volumes/GoogleDrive/Shared drives/GPP Cloud /Screening /Achilles/CRISPR/CRISPR screens/
422,VMRCMELG_HUMAGNE_ASP1277.xlsx,/Volumes/GoogleDrive/Shared drives/GPP Cloud /Screening /Achilles/CRISPR/CRISPR screens/
423,C84_PARALOGV2_ASP1918.xlsx,/Volumes/GoogleDrive/Shared drives/GPP Cloud /Screening /Achilles/CRISPR/CRISPR screens/
424,TFK1_PARALOGV2_ASP1886.xlsx,/Volumes/GoogleDrive/Shared drives/GPP Cloud /Screening /Achilles/CRISPR/CRISPR screens/
425,MCAS_PARALOGV2_ASP1899.xlsx,/Volumes/GoogleDrive/Shared drives/GPP Cloud /Screening /Achilles/CRISPR/CRISPR screens/
426,CCLFNEURO0015T_HUMAGNE_ASP1607.xlsx,/Volumes/GoogleDrive/Shared drives/GPP Cloud /Screening /Achilles/CRISPR/CRISPR screens/
427,CCLFNEURO0009T_HUMAGNE_ASP1371.xlsx,/Volumes/GoogleDrive/Shared drives/GPP Cloud /Screening /Achilles/CRISPR/CRISPR screens/
428,CCLFNEURO0007T_HUMAGNE_ASP1631.xlsx,/Volumes/GoogleDrive/Shared drives/GPP Cloud /Screening /Achilles/CRISPR/CRISPR screens/
429,TGBC18TKB_PARALOGV2_ASP1917.xlsx,/Volumes/GoogleDrive/Shared drives/GPP Cloud /Screening /Achilles/CRISPR/CRISPR screens/
430,5637_PARALOGV2_ASP1906.xlsx,/Volumes/GoogleDrive/Shared drives/GPP Cloud /Screening /Achilles/CRISPR/CRISPR screens/
431,253J_PARALOGV2_ASP1908.xlsx,/Volumes/GoogleDrive/Shared drives/GPP Cloud /Screening /Achilles/CRISPR/CRISPR screens/
432,BC3C_PARALOGV2_ASP1905.xlsx,/Volumes/GoogleDrive/Shared drives/GPP Cloud /Screening /Achilles/CRISPR/CRISPR screens/
433,COV644_PARALOGV2_ASP1904.xlsx,/Volumes/GoogleDrive/Shared drives/GPP Cloud /Screening /Achilles/CRISPR/CRISPR screens/
434,ES2_PARALOGV2_ASP1896.xlsx,/Volumes/GoogleDrive/Shared drives/GPP Cloud /Screening /Achilles/CRISPR/CRISPR screens/
435,MDAMB361_HUMAGNE_ASP1925.xlsx,/Volumes/GoogleDrive/Shared drives/GPP Cloud /Screening /Achilles/CRISPR/CRISPR screens/
436,HEMCSS_HUMAGNE_ASP1926.xlsx,/Volumes/GoogleDrive/Shared drives/GPP Cloud /Screening /Achilles/CRISPR/CRISPR screens/
437,MP41_HUMAGNE_ASP1927.xlsx,/Volumes/GoogleDrive/Shared drives/GPP Cloud /Screening /Achilles/CRISPR/CRISPR screens/
438,UCH7_HUMAGNE_ASP1928.xlsx,/Volumes/GoogleDrive/Shared drives/GPP Cloud /Screening /Achilles/CRISPR/CRISPR screens/
439,OUMS27_HUMAGNE_ASP1929.xlsx,/Volumes/GoogleDrive/Shared drives/GPP Cloud /Screening /Achilles/CRISPR/CRISPR screens/
440,KMLS1_HUMAGNE_ASP1930.xlsx,/Volumes/GoogleDrive/Shared drives/GPP Cloud /Screening /Achilles/CRISPR/CRISPR screens/
441,TERA2_HUMAGNE_ASP1931.xlsx,/Volumes/GoogleDrive/Shared drives/GPP Cloud /Screening /Achilles/CRISPR/CRISPR screens/
442,SW13_HUMAGNE_ASP1932.xlsx,/Volumes/GoogleDrive/Shared drives/GPP Cloud /Screening /Achilles/CRISPR/CRISPR screens/
443,GCT27_HUMAGNE_ASP1933.xlsx,/Volumes/GoogleDrive/Shared drives/GPP Cloud /Screening /Achilles/CRISPR/CRISPR screens/
444,PC3_HUMAGNE_ASP1934.xlsx,/Volumes/GoogleDrive/Shared drives/GPP Cloud /Screening /Achilles/CRISPR/CRISPR screens/
445,JVE207_HUMAGNE_ASP1278.xlsx,/Volumes/GoogleDrive/Shared drives/GPP Cloud /Screening /Achilles/CRISPR/CRISPR screens/
446,CCSW1_PARALOGV2_ASP1912.xlsx,/Volumes/GoogleDrive/Shared drives/GPP Cloud /Screening /Achilles/CRISPR/CRISPR screens/
447,CAHPV10_HUMAGNE_ASP1868.xlsx,/Volumes/GoogleDrive/Shared drives/GPP Cloud /Screening /Achilles/CRISPR/CRISPR screens/
448,CORL26_HUMAGNE_ASP1962.xlsx,/Volumes/GoogleDrive/Shared drives/GPP Cloud /Screening /Achilles/CRISPR/CRISPR screens/
449,ICC15_PARALOGV2_ASP1910.xlsx,/Volumes/GoogleDrive/Shared drives/GPP Cloud /Screening /Achilles/CRISPR/CRISPR screens/
450,ICC106_PARALOGV2_ASP1913.xlsx,/Volumes/GoogleDrive/Shared drives/GPP Cloud /Screening /Achilles/CRISPR/CRISPR screens/
451,LASCPC01_HUMAGNE_ASP1870.xlsx,/Volumes/GoogleDrive/Shared drives/GPP Cloud /Screening /Achilles/CRISPR/CRISPR screens/
452,DMS114_HUMAGNE_ASP1959.xlsx,/Volumes/GoogleDrive/Shared drives/GPP Cloud /Screening /Achilles/CRISPR/CRISPR screens/
453,NCIH1876_HUMAGNE_ASP1960.xlsx,/Volumes/GoogleDrive/Shared drives/GPP Cloud /Screening /Achilles/CRISPR/CRISPR screens/
454,DMS273_HUMAGNE_ASP1961.xlsx,/Volumes/GoogleDrive/Shared drives/GPP Cloud /Screening /Achilles/CRISPR/CRISPR screens/
455,GB2_PARALOGV2_ASP1911.xlsx,/Volumes/GoogleDrive/Shared drives/GPP Cloud /Screening /Achilles/CRISPR/CRISPR screens/
456,CCLFPEDS0001T_PARALOGV2_ASP1946.xlsx,/Volumes/GoogleDrive/Shared drives/GPP Cloud /Screening /Achilles/CRISPR/CRISPR screens/
457,UMUC10_PARALOGV2_ASP1907.xlsx,/Volumes/GoogleDrive/Shared drives/GPP Cloud /Screening /Achilles/CRISPR/CRISPR screens/
458,UMUC3_PARALOGV2_ASP1909.xlsx,/Volumes/GoogleDrive/Shared drives/GPP Cloud /Screening /Achilles/CRISPR/CRISPR screens/
459,ICC8_PARALOGV2_ASP1884.xlsx,/Volumes/GoogleDrive/Shared drives/GPP Cloud /Screening /Achilles/CRISPR/CRISPR screens/
460,ICC9_PARALOGV2_ASP1887.xlsx,/Volumes/GoogleDrive/Shared drives/GPP Cloud /Screening /Achilles/CRISPR/CRISPR screens/
461,647V_PARALOGV2_ASP1940.xlsx,/Volumes/GoogleDrive/Shared drives/GPP Cloud /Screening /Achilles/CRISPR/CRISPR screens/
462,HT29_PARALOGV2_ASP1943.xlsx,/Volumes/GoogleDrive/Shared drives/GPP Cloud /Screening /Achilles/CRISPR/CRISPR screens/
463,CCLFPEDS1041T_HUMAGNE_ASP1829.xlsx,/Volumes/GoogleDrive/Shared drives/GPP Cloud /Screening /Achilles/CRISPR/CRISPR screens/
464,CCLFPEDS1046T_HUMAGNE_ASP1830.xlsx,/Volumes/GoogleDrive/Shared drives/GPP Cloud /Screening /Achilles/CRISPR/CRISPR screens/
465,WSUAML_HUMAGNE_ASP1955.xlsx,/Volumes/GoogleDrive/Shared drives/GPP Cloud /Screening /Achilles/CRISPR/CRISPR screens/
466,PWR1E_HUMAGNE_ASP1843.xlsx,/Volumes/GoogleDrive/Shared drives/GPP Cloud /Screening /Achilles/CRISPR/CRISPR screens/
468,SALMAT_HUMAGNE_ASP1873.xlsx,/Volumes/GoogleDrive/Shared drives/GPP Cloud /Screening /Achilles/CRISPR/CRISPR screens/
469,SNF022_HUMAGNE_ASP1872.xlsx,/Volumes/GoogleDrive/Shared drives/GPP Cloud /Screening /Achilles/CRISPR/CRISPR screens/
470,NCIH295R_HUMAGNE_ASP1840.xlsx,/Volumes/GoogleDrive/Shared drives/GPP Cloud /Screening /Achilles/CRISPR/CRISPR screens/
471,IOWA1T_HUMAGNE_ASP1835.xlsx,/Volumes/GoogleDrive/Shared drives/GPP Cloud /Screening /Achilles/CRISPR/CRISPR screens/
474,TE130T_HUMAGNE_ASP1875.xlsx,/Volumes/GoogleDrive/Shared drives/GPP Cloud /Screening /Achilles/CRISPR/CRISPR screens/
475,NCIH774_HUMAGNE_ASP1871.xlsx,/Volumes/GoogleDrive/Shared drives/GPP Cloud /Screening /Achilles/CRISPR/CRISPR screens/
476,UMRC3_PARALOGV2_ASP1935.xlsx,/Volumes/GoogleDrive/Shared drives/GPP Cloud /Screening /Achilles/CRISPR/CRISPR screens/
477,NCIH2679_HUMAGNE_ASP1957.xlsx,/Volumes/GoogleDrive/Shared drives/GPP Cloud /Screening /Achilles/CRISPR/CRISPR screens/
478,NCIH1607_HUMAGNE_ASP1956.xlsx,/Volumes/GoogleDrive/Shared drives/GPP Cloud /Screening /Achilles/CRISPR/CRISPR screens/
479,CCLFNEURO0013T_HUMAGNE_ASP1948.xlsx,/Volumes/GoogleDrive/Shared drives/GPP Cloud /Screening /Achilles/CRISPR/CRISPR screens/
480,CCLFNEURO0027T_HUMAGNE_ASP1950.xlsx,/Volumes/GoogleDrive/Shared drives/GPP Cloud /Screening /Achilles/CRISPR/CRISPR screens/
481,CCLFNEURO0034T_HUMAGNE_ASP1951.xlsx,/Volumes/GoogleDrive/Shared drives/GPP Cloud /Screening /Achilles/CRISPR/CRISPR screens/
482,SLR26_PARALOGV2_ASP1936.xlsx,/Volumes/GoogleDrive/Shared drives/GPP Cloud /Screening /Achilles/CRISPR/CRISPR screens/
483,NCIH2172_PARALOGV2_ASP1964.xlsx,/Volumes/GoogleDrive/Shared drives/GPP Cloud /Screening /Achilles/CRISPR/CRISPR screens/
484,MDAPCA2B_HUMAGNE_ASP1983.xlsx,/Volumes/GoogleDrive/Shared drives/GPP Cloud /Screening /Achilles/CRISPR/CRISPR screens/
485,NCIH660_HUMAGNE_ASP1984.xlsx,/Volumes/GoogleDrive/Shared drives/GPP Cloud /Screening /Achilles/CRISPR/CRISPR screens/
486,RERFLCKJ_HUMAGNE_ASP1979.xlsx,/Volumes/GoogleDrive/Shared drives/GPP Cloud /Screening /Achilles/CRISPR/CRISPR screens/
487,HOP92_HUMAGNE_ASP1982.xlsx,/Volumes/GoogleDrive/Shared drives/GPP Cloud /Screening /Achilles/CRISPR/CRISPR screens/
488,HCC4006_HUMAGNE_ASP1977.xlsx,/Volumes/GoogleDrive/Shared drives/GPP Cloud /Screening /Achilles/CRISPR/CRISPR screens/
489,NCIH2085_HUMAGNE_ASP1978.xlsx,/Volumes/GoogleDrive/Shared drives/GPP Cloud /Screening /Achilles/CRISPR/CRISPR screens/
490,SKRC20_PARALOGV2_ASP1937.xlsx,/Volumes/GoogleDrive/Shared drives/GPP Cloud /Screening /Achilles/CRISPR/CRISPR screens/
491,NCIH1915_PARALOGV2_ASP1966.xlsx,/Volumes/GoogleDrive/Shared drives/GPP Cloud /Screening /Achilles/CRISPR/CRISPR screens/
492,NCIH1373_PARALOGV2_ASP1965.xlsx,/Volumes/GoogleDrive/Shared drives/GPP Cloud /Screening /Achilles/CRISPR/CRISPR screens/
493,UMHACC2A_HUMAGNE_ASP1985.xlsx,/Volumes/GoogleDrive/Shared drives/GPP Cloud /Screening /Achilles/CRISPR/CRISPR screens/
494,LMMEL57_HUMAGNE_ASP1874.xlsx,/Volumes/GoogleDrive/Shared drives/GPP Cloud /Screening /Achilles/CRISPR/CRISPR screens/
495,CORL32_HUMAGNE_ASP1980.xlsx,/Volumes/GoogleDrive/Shared drives/GPP Cloud /Screening /Achilles/CRISPR/CRISPR screens/
496,TY82_HUMAGNE_ASP1986.xlsx,/Volumes/GoogleDrive/Shared drives/GPP Cloud /Screening /Achilles/CRISPR/CRISPR screens/
497,SLR24_PARALOGV2_ASP1967.xlsx,/Volumes/GoogleDrive/Shared drives/GPP Cloud /Screening /Achilles/CRISPR/CRISPR screens/
498,CHLA05ATRT_HUMAGNE_ASP1883.xlsx,/Volumes/GoogleDrive/Shared drives/GPP Cloud /Screening /Achilles/CRISPR/CRISPR screens/
499,NCIH838_PARALOGV2_ASP1968.xlsx,/Volumes/GoogleDrive/Shared drives/GPP Cloud /Screening /Achilles/CRISPR/CRISPR screens/
500,CHLA01MED_HUMAGNE_ASP1881.xlsx,/Volumes/GoogleDrive/Shared drives/GPP Cloud /Screening /Achilles/CRISPR/CRISPR screens/
501,CCLFNEURO0026T_HUMAGNE_ASP1952.xlsx,/Volumes/GoogleDrive/Shared drives/GPP Cloud /Screening /Achilles/CRISPR/CRISPR screens/
502,NCIH748_HUMAGNE_ASP1882.xlsx,/Volumes/GoogleDrive/Shared drives/GPP Cloud /Screening /Achilles/CRISPR/CRISPR screens/
503,1156QE8_HUMAGNE_ASP1987.xlsx,/Volumes/GoogleDrive/Shared drives/GPP Cloud /Screening /Achilles/CRISPR/CRISPR screens/
504,UACC462_HUMAGNE_ASP1989.xlsx,/Volumes/GoogleDrive/Shared drives/GPP Cloud /Screening /Achilles/CRISPR/CRISPR screens/
505,CCLFNEURO0035T_HUMAGNE_ASP1953.xlsx,/Volumes/GoogleDrive/Shared drives/GPP Cloud /Screening /Achilles/CRISPR/CRISPR screens/
506,VMRCRCW_PARALOGV2_ASP1970.xlsx,/Volumes/GoogleDrive/Shared drives/GPP Cloud /Screening /Achilles/CRISPR/CRISPR screens/
507,ONCODG1_PARALOGV2_ASP1975.xlsx,/Volumes/GoogleDrive/Shared drives/GPP Cloud /Screening /Achilles/CRISPR/CRISPR screens/
508,HCC461_PARALOGV2_ASP1973.xlsx,/Volumes/GoogleDrive/Shared drives/GPP Cloud /Screening /Achilles/CRISPR/CRISPR screens/
509,COLO201_PARALOGV2_ASP1945.xlsx,/Volumes/GoogleDrive/Shared drives/GPP Cloud /Screening /Achilles/CRISPR/CRISPR screens/
510,NCIH747_PARALOGV2_ASP1944.xlsx,/Volumes/GoogleDrive/Shared drives/GPP Cloud /Screening /Achilles/CRISPR/CRISPR screens/
511,KMRC2_PARALOGV2_ASP1866.xlsx,/Volumes/GoogleDrive/Shared drives/GPP Cloud /Screening /Achilles/CRISPR/CRISPR screens/
512,UBLC1_PARALOGV2_ASP1938.xlsx,/Volumes/GoogleDrive/Shared drives/GPP Cloud /Screening /Achilles/CRISPR/CRISPR screens/
513,TELOHAEC_HUMAGNE_ASP1924.xlsx,/Volumes/GoogleDrive/Shared drives/GPP Cloud /Screening /Achilles/CRISPR/CRISPR screens/
514,CHLA01RMED_HUMAGNE_ASP1878.xlsx,/Volumes/GoogleDrive/Shared drives/GPP Cloud /Screening /Achilles/CRISPR/CRISPR screens/
515,NCCIT_HUMAGNE_ASP1992.xlsx,/Volumes/GoogleDrive/Shared drives/GPP Cloud /Screening /Achilles/CRISPR/CRISPR screens/
516,NCIH2444_HUMAGNE_ASP1981.xlsx,/Volumes/GoogleDrive/Shared drives/GPP Cloud /Screening /Achilles/CRISPR/CRISPR screens/
517,NCIH2009_PARALOGV2_ASP1972.xlsx,/Volumes/GoogleDrive/Shared drives/GPP Cloud /Screening /Achilles/CRISPR/CRISPR screens/
518,KMRC3_PARALOGV2_ASP1971.xlsx,/Volumes/GoogleDrive/Shared drives/GPP Cloud /Screening /Achilles/CRISPR/CRISPR screens/
519,LXF289_ParalogV2_ASP1969.xlsx,/Volumes/GoogleDrive/Shared drives/GPP Cloud /Screening /Achilles/CRISPR/CRISPR screens/
520,NCIH1882_HUMAGNE_ASP1947.xlsx,/Volumes/GoogleDrive/Shared drives/GPP Cloud /Screening /Achilles/CRISPR/CRISPR screens/
521,EAHY926_HUMAGNE_ASP1923.xlsx,/Volumes/GoogleDrive/Shared drives/GPP Cloud /Screening /Achilles/CRISPR/CRISPR screens/
522,SNU228_HUMAGNE_ASP1990.xlsx,/Volumes/GoogleDrive/Shared drives/GPP Cloud /Screening /Achilles/CRISPR/CRISPR screens/
523,EB3_HUMAGNE_ASP1991.xlsx,/Volumes/GoogleDrive/Shared drives/GPP Cloud /Screening /Achilles/CRISPR/CRISPR screens/
524,NCIH716COPY_PARALOGV2_ASP1916.xlsx,/Volumes/GoogleDrive/Shared drives/GPP Cloud /Screening /Achilles/CRISPR/CRISPR screens/
526,HTMMT_PARALOGV2_ASP2008.xlsx,/Volumes/GoogleDrive/Shared drives/GPP Cloud /Screening /Achilles/CRISPR/CRISPR screens/
527,ESO26_PARALOGV2_ASP2011.xlsx,/Volumes/GoogleDrive/Shared drives/GPP Cloud /Screening /Achilles/CRISPR/CRISPR screens/
528,LU65_PARALOGV2_ASP1963.xlsx,/Volumes/GoogleDrive/Shared drives/GPP Cloud /Screening /Achilles/CRISPR/CRISPR screens/
529,UMUC5_PARALOGV2_ASP1939.xlsx,/Volumes/GoogleDrive/Shared drives/GPP Cloud /Screening /Achilles/CRISPR/CRISPR screens/
530,RL952_PARALOGV2_ASP2010.xlsx,/Volumes/GoogleDrive/Shared drives/GPP Cloud /Screening /Achilles/CRISPR/CRISPR screens/
531,GCT_PARALOGV2_ASP2021.xlsx,/Volumes/GoogleDrive/Shared drives/GPP Cloud /Screening /Achilles/CRISPR/CRISPR screens/
532,RKN_PARALOGV2_ASP2022.xlsx,/Volumes/GoogleDrive/Shared drives/GPP Cloud /Screening /Achilles/CRISPR/CRISPR screens/
915,OVCAR8_HUMAGNE_ASP1658.xlsx,/Volumes/GoogleDrive/Shared drives/GPP Cloud /Screening /Achilles/CRISPR/CRISPR screens/Screens completed passaging/
916,MOLM13_HUMAGNE_ASP1655.xlsx,/Volumes/GoogleDrive/Shared drives/GPP Cloud /Screening /Achilles/CRISPR/CRISPR screens/Screens completed passaging/
917,MOLM13SCC2_HUMAGNE_ASP1656.xlsx,/Volumes/GoogleDrive/Shared drives/GPP Cloud /Screening /Achilles/CRISPR/CRISPR screens/Screens completed passaging/
918,K029AX_HUMAGNE_ASP1653.xlsx,/Volumes/GoogleDrive/Shared drives/GPP Cloud /Screening /Achilles/CRISPR/CRISPR screens/Screens completed passaging/
942,NB1_HUMAGNE_ASP1759.xlsx,/Volumes/GoogleDrive/Shared drives/GPP Cloud /Screening /Achilles/CRISPR/CRISPR screens/Screens completed passaging/
943,SKES1_HUMAGNE_ASP1768.xlsx,/Volumes/GoogleDrive/Shared drives/GPP Cloud /Screening /Achilles/CRISPR/CRISPR screens/Screens completed passaging/
947,KARPAS299_HUMAGNE_ASP1758.xlsx,/Volumes/GoogleDrive/Shared drives/GPP Cloud /Screening /Achilles/CRISPR/CRISPR screens/Screens completed passaging/
950,OCUG1_HUMAGNE_ASP0742.xlsx,/Volumes/GoogleDrive/Shared drives/GPP Cloud /Screening /Achilles/CRISPR/CRISPR screens/Screens completed passaging/
951,D458_HUMAGNE_ASP0738.xlsx,/Volumes/GoogleDrive/Shared drives/GPP Cloud /Screening /Achilles/CRISPR/CRISPR screens/Screens completed passaging/
953,NOMO1_HUMAGNE_ASP1657.xlsx,/Volumes/GoogleDrive/Shared drives/GPP Cloud /Screening /Achilles/CRISPR/CRISPR screens/Screens completed passaging/
954,DEL_HUMAGNE_ASP1766.xlsx,/Volumes/GoogleDrive/Shared drives/GPP Cloud /Screening /Achilles/CRISPR/CRISPR screens/Screens completed passaging/
955,MC116_HUMAGNE_ASP1763.xlsx,/Volumes/GoogleDrive/Shared drives/GPP Cloud /Screening /Achilles/CRISPR/CRISPR screens/Screens completed passaging/
956,SSP25_HUMAGNE_ASP1762.xlsx,/Volumes/GoogleDrive/Shared drives/GPP Cloud /Screening /Achilles/CRISPR/CRISPR screens/Screens completed passaging/
957,CH157MN_HUMAGNE_ASP1761.xlsx,/Volumes/GoogleDrive/Shared drives/GPP Cloud /Screening /Achilles/CRISPR/CRISPR screens/Screens completed passaging/
962,KU812_HUMAGNE_ASP0756.xlsx,/Volumes/GoogleDrive/Shared drives/GPP Cloud /Screening /Achilles/CRISPR/CRISPR screens/Screens completed passaging/
967,ZR751_HUMAGNE_ASP0760.xlsx,/Volumes/GoogleDrive/Shared drives/GPP Cloud /Screening /Achilles/CRISPR/CRISPR screens/Screens completed passaging/
1008,NCIH841_HUMAGNE_ASP1767.xlsx,/Volumes/GoogleDrive/Shared drives/GPP Cloud /Screening /Achilles/CRISPR/CRISPR screens/Screens completed passaging/
1009,HS683_HUMAGNE_ASP0740.xlsx,/Volumes/GoogleDrive/Shared drives/GPP Cloud /Screening /Achilles/CRISPR/CRISPR screens/Screens completed passaging/
1322,KMS18_HUMAGNE_ASP1756.xlsx,/Volumes/GoogleDrive/Shared drives/GPP Cloud /Screening /Achilles/CRISPR/CRISPR screens/Screens completed passaging/
1323,CHLA06ATRT_HUMAGNE_ASP1757.xlsx,/Volumes/GoogleDrive/Shared drives/GPP Cloud /Screening /Achilles/CRISPR/CRISPR screens/Screens completed passaging/
1324,PATU8988S_HUMAGNE_ASP1764.xlsx,/Volumes/GoogleDrive/Shared drives/GPP Cloud /Screening /Achilles/CRISPR/CRISPR screens/Screens completed passaging/
